mu_self,h_hb,h_int,e_dielec,area,sigma_m2,sigma_m3,sigma_m4,sigma_m5,sigma_m6,volume,avratio,hbacc_m1,hbacc_m2,hbacc_m3,hbacc_m4,hbdon_m1,hbdon_m2,hbdon_m3,hbdon_m4,molweight,ringbonds,alkylatoms,alkylgroups,rotatable_bonds,internal_hbonds,conjugated_bonds,rotbsdmod,tmult,nbr11,rbwring,fragments,zwitterion_in_water,n_exp
-5.65938,-0.00342,-6.39452,-3.3154,133.8223,22.5245,1.6114,6.9206,0.9693,2.5482,117.078,1.14301833,0,0,0,0,0,0,0,0,90.55,0,1,1,1,0,1,1,0,0,0,1,0,1.4351
-7.384,0,-8.95997,-3.8909,186.0492,26.5928,-4.2274,6.5503,-2.0738,2.0305,186.5705,0.99720588,0,0,0,0,0,0,0,0,162.62,11,0,0,0,0,11,0,0,0,0,0,0,1.6332
-6.07162,0,-6.58749,-2.5068,133.4091,15.8842,2.5449,4.1227,1.3501,1.3895,122.9423,1.08513587,0,0,0,0,0,0,0,0,92.57,0,4,1,1,0,0,0.75,0,0,0,0,0,1.396
-6.13541,0,-6.59421,-1.9708,129.584,14.3768,-0.1287,2.9972,-0.0657,0.8104,117.7513,1.10048891,0,0,0,0,0,0,0,0,90.55,0,2,1,1,0,1,0.75,0,0,0,0,0,1.4205
-6.68726,-0.15249,-8.61814,-5.0374,169.8667,40.1877,6.2551,19.7485,9.9042,16.5432,155.8112,1.09020853,0.0061,0.7404,0.1871,0.0125,0,0,0,0,143.01,0,0,0,4,0,0,4,0.64,2,0,0,0,1.456
-7.98749,-0.19501,-11.75195,-9.2652,250.8367,60.3256,10.5168,26.0047,8.8886,14.814,230.7544,1.08702889,0.0008,0.2915,0.0045,0,0,0.0002,0,0,195.09,0,0,0,6,0,2,6,0.66,0,0,4,0,1.438
-5.40284,-0.68778,-7.66357,-8.1156,187.7552,57.651,35.6757,56.0123,58.2419,76.1342,171.8409,1.09261066,0.04,4.2999,1.3304,0.1925,0,0,0,0,132.16,0,3,2,5,0,1,4.75,0,2,0,0,0,1.4055
-6.88161,-0.25371,-9.17557,-6.9287,233.2574,53.5113,47.3505,70.3215,95.2407,137.6297,222.0067,1.0506773,0.0597,6.1397,2.9007,1.0418,0,0,0,0,162.23,0,4,2,8,0,0,8,0.66,6,0,3,0,1.412
-6.30344,-4.57332,-11.027,-4.7987,144.9591,36.5756,9.6269,55.2215,19.6704,108.3591,132.5428,1.09367766,0.0317,3.2039,1.62,0.5417,-0.0184,1.8736,0.9037,0.3168,88.15,0,5,1,3,0,0,2.5,0,0,0,0,0,1.406
-5.60109,-0.00069,-6.25853,-3.2141,131.2797,22.0913,1.43,6.3504,0.8378,2.1458,118.0645,1.11193204,0,0,0,0,0,0,0,0,90.55,0,1,1,1,0,1,0.75,0,0,0,0,0,1.415
-6.19452,-0.17041,-7.27387,-4.0714,172.3528,33.4189,26.6916,39.2013,50.0052,68.538,166.5276,1.03498039,0.0347,3.5648,1.5646,0.4113,0,0,0,0,118.17,0,5,3,4,0,0,3.5,0.59,0,0,0,0,1.3819
-2.68363,-0.52171,-3.25578,-5.9232,83.2137,34.4677,19.2683,32.8389,32.1531,42.417,63.5164,1.31011361,0.0218,2.3917,0.6861,0.0869,0,0,0,0,44.05,0,1,1,0,0,1,0,0,0,0,0,0,1.3316
-4.12869,-0.12299,-4.88704,-5.0699,102.6666,29.6915,3.9581,18.0585,5.9418,13.8273,85.3586,1.20276809,0.0019,0.4035,0.016,0,0,0.0183,0,0,78.5,0,1,1,0,0,1,0,0,0,0,0,0,1.3898
-4.87095,-5.32365,-9.63073,-5.5291,103.6131,45.7957,5.8362,66.5827,4.9422,130.8697,86.1976,1.20204159,0.0317,3.2376,1.5532,0.4675,-0.0261,2.628,1.4577,0.6128,58.08,0,0,0,2,0,1,2,0,0,0,0,0,1.4135
-5.38408,-0.05603,-6.24867,-3.8629,116.7641,26.2369,1.1105,10.1028,0.4553,4.7266,103.1274,1.13223159,0,0.0179,0,0,0,0,0,0,120.98,0,0,0,1,0,1,1,0,0,0,2,0,1.4655
-3.97694,-1.46011,-6.20858,-7.3976,136.3913,51.0061,-4.4095,44.2802,-7.4301,55.7936,125.0831,1.0904055,0.01,1.0452,0.4489,0.1199,-0.0165,1.8511,0.4509,0.0286,93.13,6,0,0,1,0,6,0.75,0.5,0,0,0,0,1.5863
-4.80054,-0.488,-6.42709,-6.6388,146.077,40.3797,14.2676,30.377,25.0494,34.4773,136.2693,1.07197292,0.017,1.93,0.4588,0.0364,0,0,0,0,106.12,6,0,0,1,0,7,0.75,0.46,0,0,0,0,1.5456
-5.13495,-0.00872,-5.34067,-3.6836,121.1802,22.3191,-10.2196,8.0256,-4.2696,3.496,110.1545,1.10009305,0.0001,0.0109,0.0007,0,0,0,0,0,78.11,6,0,0,0,0,6,0,1.79,0,0,2,0,1.5011
-4.44818,-0.62986,-5.95215,-7.5313,147.1883,41.1263,9.3434,29.126,17.6369,29.6534,135.2418,1.08833438,0.0129,1.4268,0.3569,0.0279,0,0.0044,0,0,103.12,6,0,0,0,0,7,0,0.46,0,0,0,0,1.5289
-5.5904,-0.70558,-8.32291,-8.3269,198.2559,58.9316,23.244,45.245,39.8087,54.8396,189.4892,1.04626491,0.0284,3.0248,0.8875,0.1133,0,0,0,0,150.18,6,1,1,3,0,7,2.5,0.37,0,0,0,0,1.5232
-5.69293,-4.32642,-10.57615,-6.4456,150.527,51.6174,2.1412,61.7976,-4.4573,116.3224,141.5705,1.0632653,0.0258,2.6419,1.1808,0.3076,-0.0258,2.5973,1.4532,0.615,108.14,6,0,0,2,0,6,1.75,0.46,0,0,0,0,1.5404
-6.54353,-0.22439,-8.17562,-5.1608,192.7626,35.8482,16.724,28.2419,32.4077,47.2949,185.3489,1.03999862,0.0209,2.119,1.0546,0.3555,0,0,0,0,136.19,6,2,1,3,0,6,2.75,0.39,1,0,0,0,1.4955
-4.83142,-2.52748,-7.88867,-6.2926,154.7932,50.5427,22.0004,64.5312,79.9913,164.9892,146.7449,1.05484552,0.0377,3.7998,2.5891,1.5719,-0.001,0.3142,0.0086,0,107.15,6,0,0,2,0,6,1.75,0.46,0,0,0,0,1.5401
-6.7804,0,-8.04382,-3.3046,146.8539,23.6164,-3.5811,6.2803,-1.953,2.0616,138.1151,1.06327187,0,0,0,0,0,0,0,0,157.01,6,0,0,0,0,6,0,0.5,0,0,0,0,1.5602
-3.94407,-0.30671,-4.70155,-5.5953,121.3062,32.8251,19.293,30.0604,30.9374,39.5589,105.5329,1.14946334,0.0208,2.2609,0.6559,0.0849,0,0,0,0,72.11,0,3,1,2,0,1,2,0,0,0,0,0,1.379
-3.14106,-0.65425,-4.0707,-7.5606,122.4539,38.5316,16.9945,32.2857,27.0413,38.2906,104.5198,1.17158567,0.0173,1.9661,0.5776,0.0738,0,0.0013,0,0,69.11,0,3,1,1,0,1,1,0,0,0,0,0,1.3839
-5.5727,-0.05412,-6.54689,-4.1906,139.0363,26.9502,4.3933,15.1597,5.2896,11.2927,126.5912,1.09830936,0.0013,0.2881,0.0088,0,0,0.0083,0,0,106.55,0,3,1,2,0,1,1.75,0,0,0,2,0,1.412
-8.26152,0,-9.47625,-0.7624,132.3954,6.7603,-1.6848,1.0483,-0.4797,0.2582,122.3586,1.08202774,0,0,0,0,0,0,0,0,153.82,0,0,0,0,0,0,0,1.28,0,0,0,0,1.4607
-6.09981,0,-6.93756,-2.9675,141.5442,21.3152,-3.3351,5.5653,-1.7786,1.8225,131.0067,1.08043482,0,0,0,0,0,0,0,0,112.56,6,0,0,0,0,6,0,0.5,0,0,0,0,1.5248
-4.64854,-0.32837,-5.68909,-6.4005,152.7699,37.8129,29.4542,43.2472,51.9116,69.018,151.7146,1.00695582,0.0368,3.7829,1.4348,0.3077,0,0,0,0,112.17,7,0,0,0,0,1,0.53,0.59,0,6.5,0,0,1.4608
-6.54393,0,-6.63832,-0.4217,132.5034,4.1661,0.3333,0.2794,0.0471,0.0246,127.1324,1.04224729,0,0,0,0,0,0,0,0,84.16,6,0,0,0,0,0,0.37,1.79,0,6,0,0,1.4264
-4.18508,-0.345,-5.06428,-6.4679,138.526,37.0844,28.3299,41.3406,48.7454,64.0384,131.0617,1.05695257,0.0337,3.5371,1.2793,0.263,0,0,0,0,98.14,6,0,0,0,0,1,0.24,0.5,0,5.5,0,0,1.4507
-5.96804,-0.00512,-6.0856,-1.224,130.6158,10.8553,3.3349,3.5334,2.3257,2.003,120.4199,1.08466956,0,0.0294,0,0,0,0,0,0,82.14,6,0,0,0,0,1,0.14,0.69,0,5,0,0,1.4465
-6.62152,0,-7.35714,-2.634,150.6526,16.5524,3.8617,4.5896,1.9599,1.7212,148.4834,1.01460904,0,0,0,0,0,0,0,0,118.61,6,0,0,0,0,0,0.24,0.5,0,5.5,0,0,1.4626
-3.71286,-0.45806,-4.59781,-6.4355,125.7169,38.2212,25.7907,39.618,43.8048,57.1427,112.46,1.11788102,0.0305,3.2457,1.0705,0.1804,0,0,0,0,84.12,5,0,0,0,0,1,0.06,0.55,0,4.5,0,0,1.4366
-4.62438,-0.19123,-5.01208,-3.4716,121.072,26.3268,16.4216,24.8264,28.6512,37.9286,104.6939,1.15643796,0.0202,2.1036,0.8068,0.1614,0,0,0,0,72.11,3,1,1,1,0,0,0.75,0.39,0,2.5,0,0,1.3802
-7.37344,-0.06209,-8.37364,-2.8857,184.251,22.242,15.7633,24.8875,34.0349,49.8821,193.4702,0.95234822,0.0226,2.2647,1.2383,0.4323,0,0,0,0,130.23,0,8,2,0,0,0,0,1.61,0,0,0,0,1.3949
-5.70954,-0.21107,-6.70758,-4.0996,160.2461,33.3238,25.7053,37.5886,46.4602,62.4451,146.5378,1.09354788,0.0328,3.378,1.3844,0.3147,0,0,0,0,104.15,0,4,2,4,0,0,4,0.64,2,0,0,0,1.373
-5.29661,-1.4687,-8.4458,-9.5796,190.6273,66.4094,41.5179,76.5905,80.9214,120.1113,206.2452,0.92427509,0.0611,6.3098,2.5268,0.544,0,0.111,0,0,162.18,0,5,3,6,0,1,5,0.48,0,0,3,0,1.4
-5.379,-1.21957,-6.75602,-2.8936,134.4994,23.8351,18.147,39.0107,56.1376,102.9533,116.5842,1.15366748,0.0286,2.8715,1.8144,0.9932,-0.0002,0.0831,0.0014,0,73.14,0,4,2,2,0,0,2,0.61,2,0,0,0,1.3864
-4.7726,-0.23807,-5.51159,-4.5516,139.4747,34.9616,28.9035,41.7282,52.2036,70.1695,124.8275,1.11733953,0.0366,3.7828,1.5816,0.365,0,0,0,0,90.12,0,2,2,3,0,0,3,0.69,2,0,0,0,1.3813
-6.52505,-0.38283,-8.59023,-6.2727,193.2648,42.9286,16.8972,31.4777,27.8995,36.866,188.7142,1.02411371,0.0199,2.0918,0.5498,0.0374,0,0,0,0,150.18,6,2,1,3,0,7,2.25,0.37,0,0,0,0,1.506
-5.13783,0,-5.59619,-3.0488,103.3799,19.4244,2.0631,6.4145,1.2446,2.4976,87.342,1.18362185,0,0,0,0,0,0,0,0,108.97,0,2,1,0,0,0,0,0,0,0,0,0,1.4242
-5.46265,-0.3415,-6.94356,-5.951,172.4151,41.8424,26.9527,39.9779,43.5907,55.8552,159.21,1.0829414,0.0302,3.1566,1.0081,0.1528,0,0,0,0,116.16,0,5,2,4,0,1,3.5,0,0,0,0,0,1.4
-5.59471,-0.44109,-7.1823,-5.8031,175.0172,39.1879,2.6682,24.379,-0.809,24.9922,167.8315,1.04281497,0.0041,0.4544,0.1267,0.0087,-0.007,0.7915,0.2103,0.0203,121.18,6,2,1,2,0,6,1.75,0.42,0,0,0,0,1.5559
-7.2871,0,-8.75245,-3.1182,144.975,21.1874,2.7322,6.7522,1.5434,2.7357,138.025,1.0503532,0,0,0,0,0,0,0,0,184.02,0,4,1,1,0,0,0.75,0.39,0,0,0,0,1.496
-5.19554,-5.16576,-9.78313,-4.9875,107.0587,38.6011,9.8519,61.7863,19.2494,122.4454,91.1696,1.17428068,0.0354,3.5813,1.7556,0.5669,-0.0214,2.1719,1.0832,0.3972,60.1,0,3,1,1,0,0,0.75,0.46,0,0,0,0,1.3772
-6.41598,-0.05675,-7.15281,-3.0502,163.412,22.6982,17.4021,25.9674,34.5009,48.5645,156.4447,1.04453523,0.024,2.4109,1.169,0.3421,0,0,0,0,102.18,0,6,2,2,0,0,1.5,1.17,0,0,0,0,1.3689
-6.57864,0,-7.82342,-3.2657,127.2742,21.2323,3.5567,6.8537,2.2361,2.757,117.8414,1.08004657,0,0,0,0,0,0,0,0,169.99,0,3,1,0,0,0,0,0.46,0,0,0,0,1.5026
-5.08338,-0.4137,-6.36831,-6.0866,156.5466,35.9326,22.8987,36.5159,40.522,54.1411,148.12,1.05689036,0.0289,3.0246,1.0659,0.1989,0,0,0,0,100.16,0,5,2,2,0,1,1.5,0.31,0,0,0,0,1.396
-7.34425,0,-8.793,-3.4364,165.562,23.7227,-1.9524,5.6827,-1.0462,1.6548,158.8024,1.04256611,0,0,0,0,0,0,0,0,171.04,6,1,1,0,0,6,0,0,0,0,0,0,1.551
-7.36714,0,-8.6875,-2.7741,160.0819,20.9074,-6.4213,6.7034,-3.8368,3.0538,152.2486,1.05145072,0,0,0,0,0,0.0057,0,0,147,6,0,0,0,0,6,0,0.59,0,0,0,0,1.5459
-3.55517,-0.73136,-4.69436,-6.2947,114.6725,44.0997,26.0132,43.4067,44.0218,58.6566,96.7277,1.18551873,0.031,3.2893,1.0265,0.1487,0,0,0,0,74.08,0,2,2,1,0,1,0.75,0,0,0,0,0,1.3614
-3.10425,-0.8329,-4.28731,-5.9542,93.8101,42.9761,16.4821,39.8891,26.8807,46.7786,75.8329,1.23706333,0.0208,2.3381,0.5516,0.0444,-0.0002,0.2503,0.0007,0,60.05,0,1,1,1,0,1,1,0,0,0,0,0,1.344
-4.42283,-0.45236,-5.5696,-6.354,140.9048,36.8658,24.4245,38.5268,43.1726,57.6413,126.5314,1.11359552,0.0305,3.1751,1.134,0.2218,0,0,0,0,86.13,0,4,2,2,0,1,1.75,0,0,0,0,0,1.3895
-3.78177,-0.71449,-4.98988,-6.5961,117.2493,39.5615,22.2903,39.472,40.489,55.2936,100.3028,1.16895341,0.0297,3.1133,1.0253,0.1619,0,0,0,0,70.09,0,1,1,1,0,3,0.75,0,0,0,0,0,1.4086
-7.00769,0,-8.14502,-3.1038,161.8498,20.2112,3.3459,6.1462,1.7845,2.4125,149.9661,1.07924258,0,0,0,0,0,0,0,0,151.05,0,5,1,3,0,0,3,0,2,0,0,0,1.4444
-6.75422,0,-7.66535,-2.7307,156.8749,17.583,2.5705,4.8188,1.2461,1.7128,143.8507,1.09053971,0,0,0,0,0,0,0,0,106.59,0,5,1,3,0,0,3,0,2,0,0,0,1.4128
-9.20096,-0.00585,-11.25652,-3.1595,249.0536,24.6873,19.5692,26.8059,34.7889,47.0074,239.0698,1.04176103,0.0247,2.5187,1.0783,0.2602,0,0,0,0,158.28,0,10,2,8,0,0,8,0.66,6,0,2,0,1.4119
-5.36939,-0.49587,-7.08686,-6.3764,173.9974,44.5779,27.9275,43.7027,46.1949,60.7666,159.0132,1.09423243,0.0326,3.4075,1.1016,0.1682,0,0,0,0,116.16,0,5,2,4,0,1,3.75,0,1,0,0,0,1.3951
-5.8266,-5.47,-11.06676,-5.3069,128.8354,40.4706,11.5663,65.1788,22.9111,129.4274,111.6763,1.15365033,0.0376,3.815,1.9157,0.6431,-0.022,2.2276,1.1117,0.4001,74.12,0,4,1,3,0,0,3,0,1,0,0,0,1.3993
-6.38707,0,-7.25748,-3.0365,142.3636,19.6922,3.1143,6.1007,1.6856,2.3976,129.4199,1.10001321,0,0,0,0,0,0,0,0,137.02,0,4,1,2,0,0,2,0,1,0,0,0,1.4398
-7.35225,0,-8.95986,-3.3281,149.2958,22.3916,3.2638,7.4702,1.8743,3.1609,138.9979,1.07408673,0,0,0,0,0,0,0,0,184.02,0,4,1,2,0,0,2,0,1,0,0,0,1.4998
-6.68214,-0.2821,-8.69476,-6.2836,211.9876,42.8846,27.0959,40.0233,43.651,55.9289,200.2089,1.05883205,0.0302,3.1677,1.0108,0.1528,0,0,0,0,144.21,0,7,2,6,0,1,5.5,0,1,0,3,0,1.4064
-4.77574,-2.69837,-7.40206,-4.346,132.1313,34.9278,28.7817,69.6631,109.8184,219.96,115.7447,1.14157538,0.0446,4.4976,3.1397,2.03,-0.0002,0.1357,0.0004,0,73.14,0,4,1,3,0,0,3,0,1,0,0,0,1.401
-7.43056,-0.00264,-8.72894,-3.0998,199.0823,22.4843,2.9048,5.7366,1.5817,1.9496,195.7429,1.01706013,0,0,0,0,0,0,0,0,134.22,6,4,1,3,0,6,2.75,0.39,1,0,0,0,1.4904
-9.66805,-5.63651,-17.09694,-5.5632,246.6698,43.297,9.7532,67.9417,18.6257,138.5553,236.6003,1.04255912,0.0376,3.8144,1.95,0.6765,-0.0247,2.4943,1.3101,0.4975,158.28,0,10,1,9,0,0,9,0,7,0,2,0,1.4359
-7.95706,-1.06221,-10.40029,-3.1305,212.9964,25.7529,19.6685,40.7282,60.109,109.9233,200.3994,1.06285947,0.03,3.0186,1.9381,1.0717,-0.0002,0.0845,0.001,0,129.24,0,8,2,6,0,0,6,0.65,4,0,2,0,1.4177
-6.65908,-1.08208,-8.48514,-2.989,173.471,24.6436,19.3786,40.1494,59.5482,108.8133,159.5954,1.08694236,0.0295,2.9598,1.8995,1.0567,-0.0001,0.0711,0.0007,0,101.19,0,6,2,4,0,0,4,0.64,2,0,0,0,1.4046
-7.31914,0,-7.81096,-0.5452,156.5298,5.2521,0.3039,0.354,0.0396,0.0294,143.3528,1.09192007,0,0,0,0,0,0,0,0,86.18,0,6,0,3,0,0,3,0.69,3,0,0,0,1.375
-5.39143,0,-5.77826,-2.6251,117.534,16.7372,2.1162,4.7884,1.1009,1.6924,101.7714,1.15488241,0,0,0,0,0,0,0,0,78.54,0,3,1,1,0,0,1,0,0,0,0,0,1.3886
-7.27288,0,-8.62539,-3.1339,162.29,22.9949,-1.6787,5.3926,-0.8639,1.5235,158.2816,1.02532448,0,0,0,0,0,0,0,0,171.04,6,1,1,0,0,6,0,0,0,0,0,0,1.555
-5.0701,-0.85216,-7.14793,-6.6162,152.5744,46.2366,-12.1121,39.1196,-18.7511,50.1427,145.8486,1.04611494,0.0066,0.7004,0.2477,0.0435,-0.0196,2.0636,0.5985,0.0627,127.57,6,0,0,1,0,6,0.75,0,0,0,0,0,1.5895
-7.17617,0,-8.43392,-3.0293,157.4311,20.4236,-5.1733,5.867,-2.891,2.3305,151.449,1.03949911,0,0,0,0,0,0.0001,0,0,147,6,0,0,0,0,6,0,0.69,0,0,0,0,1.5515
-8.6807,0,-9.7905,-0.66,196.203,6.1836,0.2864,0.3984,0.0395,0.0318,184.5689,1.06303391,0,0,0,0,0,0,0,0,114.23,0,8,0,5,0,0,5,0.69,5,0,2,0,1.3976
-8.43294,-5.69976,-15.20936,-5.4667,207.0349,42.3954,9.6187,67.8864,18.6113,138.5509,194.5942,1.0639315,0.0376,3.8144,1.95,0.6765,-0.0247,2.4943,1.3101,0.4975,130.23,0,8,1,7,0,0,7,0,5,0,2,0,1.43
-7.84838,-0.39904,-10.7036,-6.6485,252.926,46.4678,28.1353,43.808,46.1594,60.6606,242.5369,1.04283513,0.0325,3.4145,1.0972,0.1647,0,0,0,0,172.27,0,9,2,8,0,1,7.75,0,5,0,3,0,1.4204
-7.29799,0,-8.7372,-3.504,165.1953,24.0531,-2.1524,5.9256,-1.1937,1.7881,159.0521,1.03862382,0,0,0,0,0,0,0,0,171.04,6,1,1,0,0,6,0,0.46,0,0,0,0,1.549
-3.6154,-1.17286,-5.42621,-7.7326,143.3729,51.3376,-11.3063,43.3322,-14.734,55.5814,132.7397,1.08010565,0.0095,0.9843,0.4142,0.1017,-0.0186,2.041,0.5305,0.0438,111.12,6,0,0,1,0,6,0.75,0.46,0,0,0,0,1.5195
-6.62919,0,-6.83454,-0.4906,136.8692,4.7636,0.2515,0.3234,0.0329,0.0269,122.03,1.12160288,0,0,0,0,0,0,0,0,72.15,0,5,0,2,0,0,2,0.61,2,0,0,0,1.3577
-5.44701,-0.45356,-7.57465,-7.3362,176.5286,49.4358,13.6312,32.3827,22.4299,32.8449,166.8026,1.05830844,0.0154,1.7069,0.3891,0.021,0,0,0,0,136.15,6,1,1,2,0,7,1.5,0.39,0,0,0,0,1.503
-4.76925,-0.53085,-6.23147,-6.3071,154.3339,44.0266,27.4747,43.215,45.4197,59.6414,138.2893,1.11602199,0.0321,3.356,1.0689,0.1581,0,0,0,0,102.13,0,4,2,3,0,1,2.75,0,0,0,0,0,1.3844
-5.2408,-5.62049,-10.25336,-5.283,108.6069,40.3006,11.4937,66.1161,23.1773,132.7104,90.3323,1.20230416,0.0381,3.8606,1.9601,0.6716,-0.0223,2.2587,1.1406,0.4188,60.1,0,3,1,2,0,0,2,0,0,0,0,0,1.3862
-5.74727,0,-6.37974,-2.9956,122.6076,19.3164,2.799,6.0784,1.5802,2.3623,107.2475,1.14322105,0,0,0,0,0,0,0,0,122.99,0,3,1,1,0,0,1,0,0,0,0,0,1.4341
-6.09305,-0.2873,-7.80535,-5.9535,192.3224,41.9676,27.3776,39.8629,43.7536,55.8806,179.9939,1.06849399,0.0302,3.1677,1.0108,0.1528,0,0,0,0,130.19,0,6,2,5,0,1,4.5,0,0,0,2,0,1.4005
-4.14658,-2.77095,-6.52835,-4.2938,112.3792,34.5269,28.5972,69.6058,109.4817,219.4974,94.2708,1.19208917,0.0445,4.4917,3.1368,2.0273,-0.0002,0.1405,0.0005,0,59.11,0,3,1,2,0,0,2,0,0,0,0,0,1.389
-6.78953,-0.00248,-7.78959,-3.0328,179.2811,22.0261,2.7548,5.7012,1.5356,1.9325,174.7138,1.02614161,0,0,0,0,0,0,0,0,120.19,6,3,1,2,0,6,1.75,0.42,0,0,0,0,1.4919
-5.65573,-4.70507,-10.10061,-4.8152,123.7111,37.2218,10.6847,56.989,23.6063,112.9421,110.883,1.11569041,0.0333,3.3804,1.7009,0.6065,-0.0183,1.855,0.8838,0.2962,74.12,0,4,1,0,0,0,0,0.88,0,0,0,0,1.3847
-4.72406,-2.46059,-7.03217,-4.2094,127.0222,33.793,26.7462,65.3325,103.2746,206.7647,115.7158,1.09770835,0.0419,4.2358,3.0074,1.9428,-0.0002,0.1234,0.0007,0,73.14,0,4,1,0,0,0,0,0.88,0,0,0,0,1.37
-4.67464,-5.39317,-9.79476,-7.8611,111.6572,60.432,-2.1503,96.1119,-43.8346,213.946,94.7524,1.17841026,0.0316,3.3713,1.0363,0.1564,-0.0431,4.3318,2.8936,1.6898,74.08,0,2,1,2,0,1,1.5,0,0,0,0,0,1.3869
-4.30552,-0.49135,-5.3202,-5.7545,131.4257,39.6673,23.2935,37.4143,38.8794,50.4444,117.1809,1.12156247,0.0275,2.9073,0.8865,0.11,0,0,0,0,88.11,0,3,2,2,0,1,1.5,0,0,0,2,0,1.3775
-5.00051,-0.36448,-6.16836,-5.5544,151.6067,39.2979,25.504,37.7478,40.774,51.6146,138.0306,1.09835573,0.0284,2.9959,0.9072,0.11,0,0,0,0,102.13,0,4,2,3,0,1,2.5,0,0,0,0,0,1.3839
-4.6255,-5.71535,-9.38232,-5.2857,88.5829,40.19,12.4392,66.2531,26.6534,132.8706,69.7309,1.2703536,0.0389,3.9416,2.0402,0.7189,-0.0215,2.1761,1.0725,0.3795,46.07,0,2,1,1,0,0,1,0,0,0,0,0,1.3611
-4.67131,0,-4.85263,-2.6475,98.0019,16.7179,1.554,5.0516,0.8801,1.7958,80.8367,1.21234415,0,0,0,0,0,0,0,0,64.51,0,2,1,0,0,0,0,0,0,0,0,0,1.3676
-2.67096,-0.78174,-3.52429,-7.6293,102.7592,38.8013,15.6502,32.8358,25.7977,38.2144,83.9277,1.22437765,0.017,1.9294,0.5611,0.0698,0,0.002,0,0,55.08,0,2,1,0,0,1,0,0,0,0,0,0,1.3655
-4.17178,-0.61056,-5.43855,-6.3162,134.7721,43.9409,27.2378,43.5938,45.7501,60.3541,117.7498,1.1445633,0.0324,3.3931,1.091,0.1647,0,0,0,0,88.11,0,3,2,2,0,1,1.75,0,0,0,0,0,1.3723
-6.17027,-0.00232,-6.89032,-2.9404,159.6564,21.3849,2.4088,5.5896,1.3898,1.8716,152.6384,1.04597795,0,0,0,0,0,0,0,0,106.17,6,2,1,1,0,6,0.75,0.46,0,0,0,0,1.4959
-6.64661,-0.01329,-7.56986,-3.0964,173.8385,22.2271,3.5865,6.1944,2.2873,2.3705,171.951,1.01097696,0,0,0,0,0,0,0,0,120.19,6,3,2,1,0,6,0.75,0,0,0,0,0,1.5046
-5.26759,-0.04889,-5.56741,-2.8742,131.1275,21.6682,18.2237,25.6596,32.9807,44.5496,113.459,1.15572586,0.0232,2.3763,1.0002,0.2488,0,0,0,0,74.12,0,4,2,2,0,0,2,0.61,2,0,0,0,1.3526
-6.10112,-0.32866,-7.87306,-6.2391,192.7353,42.4431,26.1122,39.2734,41.8916,53.5284,179.7651,1.07215082,0.0292,3.052,0.935,0.1286,0,0,0,0,130.19,0,6,2,5,0,1,4.5,0,1,0,2,0,1.4014
-7.91612,-0.01984,-9.36346,-3.1015,209.9905,23.6178,18.9369,26.2199,33.7849,45.5381,196.2437,1.07004964,0.024,2.4485,1.0338,0.2483,0,0,0,0,130.23,0,8,2,6,0,0,6,0,5,0,3,0,1.4008
-4.89619,-0.35061,-6.01846,-5.6202,150.4965,39.6102,25.6135,37.5107,40.1975,50.3545,137.9486,1.09096069,0.0273,2.9304,0.8433,0.097,0,0,0,0,102.13,0,4,2,2,0,1,1.25,0.31,0,0,0,0,1.384
-5.57569,-0.24897,-6.86367,-5.6648,171.0497,39.5181,26.6383,37.3672,41.1739,50.8332,158.8905,1.07652566,0.0281,2.9877,0.8665,0.0968,0,0,0,0,116.16,0,5,2,3,0,1,2.25,0.28,0,0,0,0,1.3869
-4.18637,-6.23517,-9.04203,-5.3247,68.3393,40.6518,8.8657,70.0475,17.37,142.2135,48.679,1.40387641,0.0382,3.8761,1.9894,0.6814,-0.0261,2.6277,1.3801,0.5192,32.04,0,1,1,0,0,0,0,0,0,0,0,0,1.3288
-9.25231,-0.01702,-11.34014,-3.1974,249.7816,24.5476,19.0266,26.276,33.7961,45.5424,238.8644,1.04570459,0.024,2.4485,1.0338,0.2483,0,0,0,0,158.28,0,10,2,8,0,0,8,0,7,0,3,0,1.4127
-7.25634,-0.02162,-8.39246,-3.0629,190.1056,23.1326,18.9215,26.1943,33.7826,45.5367,176.2237,1.07877431,0.024,2.4485,1.0338,0.2483,0,0,0,0,116.2,0,7,2,5,0,0,5,0,4,0,2,0,1.3927
-6.79584,-0.02171,-7.548,-2.5546,166.9588,19.6144,15.1805,21.6957,28.6588,39.928,155.434,1.07414594,0.0194,1.9759,0.9107,0.2687,0,0,0,0,102.18,0,6,2,3,0,0,2.75,0.31,1,0,0,0,1.3739
-6.77702,-0.17456,-8.43224,-5.4408,204.2683,38.0138,26.1928,36.4448,41.346,51.724,202.1417,1.01052034,0.0289,3.0319,0.9409,0.1246,0,0,0,0,144.21,0,7,2,4,0,1,3,0.39,0,0,0,0,1.3999
-7.18372,0,-7.6141,-0.5743,152.7188,5.5967,0.2799,0.3896,0.0362,0.0328,141.6758,1.07794556,0,0,0,0,0,0,0,0,86.18,0,6,0,2,0,0,1.75,0.35,0,0,0,0,1.3715
-5.14803,-0.68549,-7.43526,-6.9022,154.191,50.4896,12.2538,40.8667,19.0292,44.2633,139.7765,1.10312535,0.017,1.9422,0.4107,0.0196,-0.0016,0.4064,0.0125,0,122.55,0,2,1,3,0,1,2.5,0,0,0,2,0,1.4215
-6.20155,-0.19431,-7.71029,-5.6568,190.5023,39.711,27.3224,37.4629,41.6549,51.1844,179.9184,1.05882611,0.0286,3.0163,0.8763,0.0933,0,0,0,0,130.19,0,6,2,4,0,1,3.25,0.26,0,0,0,0,1.3955
-7.20057,-0.0289,-8.36514,-3.2085,191.4623,23.3191,5.438,7.5089,4.0678,3.778,191.2929,1.00088555,0,0.0424,0,0,0,0,0,0,134.22,6,4,4,0,0,6,0,0.51,0,0,0,0,1.513
-6.18632,-0.01333,-6.90021,-2.9447,160.1193,21.5475,3.2338,6.0166,2.1114,2.2676,152.5804,1.04940936,0,0.0001,0,0,0,0,0,0,106.17,6,2,2,0,0,6,0,1.15,0,0,0,0,1.4958
-5.17824,-0.30988,-6.38305,-5.8937,159.1126,34.6644,22.999,34.9892,39.804,52.3877,147.3795,1.07961148,0.0285,2.9387,1.0533,0.1922,0,0,0,0,100.16,0,5,2,3,0,1,2.5,0,0,0,0,0,1.4004
-7.54487,-0.00122,-9.82304,-6.5601,235.0601,41.2865,1.2176,11.8902,0.6866,4.0524,250.0078,0.94021107,0,0,0,0,0,0,0,0,195.26,15,2,1,1,0,15,0.75,0.61,0,0,0,0,1.6394
-7.27731,0,-8.79093,-4.1865,202.2246,28.584,0.3082,6.7432,0.1167,1.8871,207.7163,0.97356154,0,0,0,0,0,0,0,0,156.22,11,2,1,1,0,11,0.75,0,0,0,0,0,1.6062
-7.25094,0,-8.59658,-2.9367,160.0739,22.1597,-7.029,7.3948,-4.2831,3.4213,152.412,1.05027098,0,0,0,0,0,0.0007,0,0,147,6,0,0,0,0,6,0,1.15,0,0,0,0,1.5285
-7.42503,-6.02861,-14.35652,-8.1107,199.9796,57.9853,26.7213,89.7095,50.3285,175.342,186.7587,1.07079135,0.0595,6.0315,2.9083,0.8822,-0.0235,2.3675,1.2131,0.4554,132.2,0,5,2,6,1,0,5.5,0,2,0,2,0,1.4168
-5.41396,-0.11049,-6.17902,-3.2984,120.1348,23.8326,6.6543,14.6689,8.1768,13.0667,107.7411,1.11503224,0.004,0.5359,0.0685,0,0,0.0377,0,0,76.16,0,3,1,1,0,0,0.75,0.46,0,0,0,0,1.4255
-5.57669,0,-6.2863,-3.2299,116.0916,21.1529,-4.5854,8.0165,-4.1951,4.5144,101.787,1.14053465,0,0,0,0,0,0.0821,0,0,98.96,0,1,1,0,0,0,0,0.46,0,0,0,0,1.4164
-6.08441,0,-6.72346,-2.658,137.2684,17.0404,2.3784,4.7541,1.1765,1.6867,122.2219,1.12310805,0,0,0,0,0,0,0,0,92.57,0,4,1,2,0,0,2,0,1,0,0,0,1.4022
